segment,component,parameter,value,unit,low,high,basis,source_id,tag,notes
regulatory,liquefaction_plant,permitting_approach,"Design/permit per applicable local laws & regulations; novel (uncovered) items go through a special evaluation committee",,,,"Japan project experience",kawasaki-2026-questionnaire,cited,"KHI reply Q12 (rev0331/GHSB20260406, supersedes reply0304). Outside Japan: KHI states only that a 'similar approach' is expected, 'subject to each country's regulatory regime' -- no non-Japan regime confirmed"
regulatory,liquefaction_plant,carbon_intensity_disclosure,"Feasibility Study necessary; carbon intensity and cost vary with plant size",,,,"with RE supply",kawasaki-2026-questionnaire,cited,"KHI reply Q11. Relevant to future carbon-reporting/CBAM-style compliance -- not itself a regulation, but the input KHI ties to one"
regulatory,shipping_carrier,safety_separation_distance,"Significantly larger safety separation distances required vs liquid ammonia (no absolute distance disclosed)",,,,"qualitative KHI position",kawasaki-2026-questionnaire,cited,"KHI reply additional Q36. LH2 classified as a non-toxic, flammable high-pressure gas"
regulatory,shipping_carrier,imo_tank_type_classification,,,,,"160,000 m3 commercial vessel",,needs-source,"Not confirmed by KHI or any classification society in-repo. IMO Type A/B/C is an LNG taxonomy discussed generically by RSER 2026 and JMSE 2025 (docs/comparison/khi-vs-literature-lh2-comparison.md Sec.2, Sec.6); no source assigns an IMO type to an LH2 carrier specifically"
regulatory,shipping_carrier,applicable_code_or_standard,,,,,"hydrogen-fuelled / hydrogen-carrying ships",,needs-source,"IGC Code, IGF Code, and any IMO interim guidelines for LH2 carriers not yet sourced in this repo"
regulatory,shipping_carrier,classification_society_approval,,,,,"class approval / approval-in-principle",,needs-source,"No DNV, ClassNK, Lloyd's Register, or ABS rule set or AiP for LH2 carriers cited in-repo"
regulatory,liquefaction_plant,applicable_code_or_standard,,,,,"plant design/safety code",,needs-source,"No liquefaction-plant code (e.g. national high-pressure gas safety law, NFPA 2, ISO hydrogen standards) sourced in-repo beyond KHI's qualitative Q12 answer above"
regulatory,terminal,applicable_code_or_standard,,,,,"export/import terminal siting & process safety",,needs-source,"Exclusion-zone, siting, and process-safety standards for LH2 terminals not yet sourced"
regulatory,chain,ghg_carbon_border_exposure,,,,,"e.g. CBAM-style mechanisms on delivered H2/derivatives",,needs-source,"No carbon-border or emissions-reporting regime applicable to the LH2 chain has been researched yet"
